<?xml version="1.0" encoding="UTF-8"?>
<GenRun Id="impl_1" LaunchPart="xc7a35tcsg324-1" LaunchTime="1620714730">
  <File Type="ROUTE-PWR" Name="ex3_power_routed.rpt"/>
  <File Type="PA-TCL" Name="ex3.tcl"/>
  <File Type="ROUTE-PWR-SUM" Name="ex3_power_summary_routed.pb"/>
  <File Type="REPORTS-TCL" Name="ex3_reports.tcl"/>
  <File Type="BITSTR-MSK" Name="ex3.msk"/>
  <File Type="ROUTE-CLK" Name="ex3_clock_utilization_routed.rpt"/>
  <File Type="RDI-RDI" Name="ex3.vdi"/>
  <File Type="BG-BIT" Name="ex3.bit"/>
  <File Type="BG-DRC" Name="ex3.drc"/>
  <File Type="BG-BGN" Name="ex3.bgn"/>
  <File Type="BG-BIN" Name="ex3.bin"/>
  <File Type="BITSTR-RBT" Name="ex3.rbt"/>
  <File Type="BITSTR-NKY" Name="ex3.nky"/>
  <File Type="BITSTR-BMM" Name="ex3_bd.bmm"/>
  <File Type="ROUTE-METHODOLOGY-DRC" Name="ex3_methodology_drc_routed.rpt"/>
  <File Type="BITSTR-MMI" Name="ex3.mmi"/>
  <File Type="ROUTE-METHODOLOGY-DRC-PB" Name="ex3_methodology_drc_routed.pb"/>
  <File Type="BITSTR-SYSDEF" Name="ex3.sysdef"/>
  <File Type="ROUTE-DRC-RPX" Name="ex3_drc_routed.rpx"/>
  <File Type="BITSTR-LTX" Name="debug_nets.ltx"/>
  <File Type="BITSTR-LTX" Name="ex3.ltx"/>
  <File Type="RCFI_FILE" Name="ex3.rcfi"/>
  <File Type="WBT-USG" Name="usage_statistics_webtalk.html"/>
  <File Type="OPT-DRC" Name="ex3_drc_opted.rpt"/>
  <File Type="OPT-HWDEF" Name="ex3.hwdef"/>
  <File Type="PLACE-IO" Name="ex3_io_placed.rpt"/>
  <File Type="PLACE-UTIL" Name="ex3_utilization_placed.rpt"/>
  <File Type="PLACE-UTIL-PB" Name="ex3_utilization_placed.pb"/>
  <File Type="PLACE-CTRL" Name="ex3_control_sets_placed.rpt"/>
  <File Type="PLACE-PRE-SIMILARITY" Name="ex3_incremental_reuse_pre_placed.rpt"/>
  <File Type="ROUTE-DRC" Name="ex3_drc_routed.rpt"/>
  <File Type="ROUTE-DRC-PB" Name="ex3_drc_routed.pb"/>
  <File Type="ROUTE-PWR-RPX" Name="ex3_power_routed.rpx"/>
  <File Type="ROUTE-STATUS" Name="ex3_route_status.rpt"/>
  <File Type="ROUTE-STATUS-PB" Name="ex3_route_status.pb"/>
  <File Type="ROUTE-DCP" Name="ex3_routed.dcp"/>
  <File Type="ROUTE-ERROR-DCP" Name="ex3_routed_error.dcp"/>
  <File Type="ROUTE-BLACKBOX-DCP" Name="ex3_routed_bb.dcp"/>
  <File Type="ROUTE-TIMINGSUMMARY" Name="ex3_timing_summary_routed.rpt"/>
  <File Type="ROUTE-TIMING-PB" Name="ex3_timing_summary_routed.pb"/>
  <File Type="ROUTE-TIMING-RPX" Name="ex3_timing_summary_routed.rpx"/>
  <File Type="ROUTE-BUS-SKEW" Name="ex3_bus_skew_routed.rpt"/>
  <File Type="ROUTE-BUS-SKEW-PB" Name="ex3_bus_skew_routed.pb"/>
  <File Type="ROUTE-BUS-SKEW-RPX" Name="ex3_bus_skew_routed.rpx"/>
  <File Type="OPT-DCP" Name="ex3_opt.dcp"/>
  <File Type="PLACE-DCP" Name="ex3_placed.dcp"/>
  <File Type="PWROPT-DCP" Name="ex3_pwropt.dcp"/>
  <File Type="POSTPLACE-PWROPT-DCP" Name="ex3_postplace_pwropt.dcp"/>
  <File Type="PHYSOPT-DCP" Name="ex3_physopt.dcp"/>
  <File Type="POSTROUTE-PHYSOPT-DCP" Name="ex3_postroute_physopt.dcp"/>
  <File Type="POSTROUTE-PHYSOPT-BLACKBOX-DCP" Name="ex3_postroute_physopt_bb.dcp"/>
  <File Type="ROUTE-METHODOLOGY-DRC-RPX" Name="ex3_methodology_drc_routed.rpx"/>
  <File Type="PDI-FILE" Name="ex3.pdi"/>
  <File Type="CFI_FILE" Name="ex3.cfi"/>
  <File Type="RNPI_FILE" Name="ex3.rnpi"/>
  <File Type="NPI_FILE" Name="ex3.npi"/>
  <File Type="RBD_FILE" Name="ex3.rbd"/>
  <FileSet Name="sources" Type="DesignSrcs" RelSrcDir="$PSRCDIR/sources_1">
    <Filter Type="Srcs"/>
    <File Path="$PSRCDIR/sources_1/new/ex3.v">
      <FileInfo>
        <Attr Name="UsedIn" Val="synthesis"/>
        <Attr Name="UsedIn" Val="implementation"/>
        <Attr Name="UsedIn" Val="simulation"/>
      </FileInfo>
    </File>
    <Config>
      <Option Name="DesignMode" Val="RTL"/>
      <Option Name="TopModule" Val="ex3"/>
      <Option Name="TopAutoSet" Val="TRUE"/>
    </Config>
  </FileSet>
  <FileSet Name="constrs_in" Type="Constrs" RelSrcDir="$PSRCDIR/constrs_1">
    <Filter Type="Constrs"/>
    <Config>
      <Option Name="ConstrsType" Val="XDC"/>
    </Config>
  </FileSet>
  <FileSet Name="utils" Type="Utils" RelSrcDir="$PSRCDIR/utils_1">
    <Filter Type="Utils"/>
    <Config>
      <Option Name="TopAutoSet" Val="TRUE"/>
    </Config>
  </FileSet>
  <Strategy Version="1" Minor="2">
    <StratHandle Name="Vivado Implementation Defaults" Flow="Vivado Implementation 2020"/>
    <Step Id="init_design"/>
    <Step Id="opt_design"/>
    <Step Id="power_opt_design"/>
    <Step Id="place_design"/>
    <Step Id="post_place_power_opt_design"/>
    <Step Id="phys_opt_design"/>
    <Step Id="route_design"/>
    <Step Id="post_route_phys_opt_design"/>
    <Step Id="write_bitstream"/>
    <Step Id="write_device_image"/>
  </Strategy>
</GenRun>
